<?xml version="1.0" encoding="utf-8"?>
<odoo>
    <data noupdate="1">
        <!--        Adding job positions to demo data-->
        <record id="job_position_doctor" model="hr.job">
            <field name="name">Doctor</field>
        </record>
        <record id="job_position_nurse" model="hr.job">
            <field name="name">Nurse</field>
        </record>
        <record id="job_position_receptionist" model="hr.job">
            <field name="name">Receptionist</field>
        </record>
        <record id="job_position_pharmacist" model="hr.job">
            <field name="name">Pharmacist</field>
        </record>
        <record id="job_position_staff" model="hr.job">
            <field name="name">Staff</field>
        </record>
        <record id="job_position_lab_technician" model="hr.job">
            <field name="name">Lab Technician</field>
        </record>
    </data>
</odoo>
