<?xml version="1.0" encoding="utf-8"?>
<odoo>
    <data noupdate="1">
        <!-- Sequences for university.document -->
        <record id="seq_student_documents" model="ir.sequence">
            <field name="name">Student Documents</field>
            <field name="code">university.document</field>
            <field name="prefix">DOC/%(range_year)s/</field>
            <field eval="1" name="number_next"/>
            <field eval="1" name="number_increment"/>
            <field eval="True" name="use_date_range"/>
            <field name="padding">3</field>
            <field name="company_id" eval="False"/>
        </record>
        <!-- Sequences for university.application -->
        <record id="seq_student_application" model="ir.sequence">
            <field name="name">Student Application</field>
            <field name="code">university.application</field>
            <field name="prefix">SA</field>
            <field name="padding">3</field>
            <field name="company_id" eval="False"/>
        </record>
         <!-- Sequences for university.student -->
        <record id="seq_students" model="ir.sequence">
            <field name="name">Student</field>
            <field name="code">university.student</field>
            <field name="prefix"></field>
            <field name="padding">4</field>
            <field name="company_id" eval="False"/>
        </record>
    </data>
</odoo>
