<?xml version="1.0" encoding="utf-8" ?>
<odoo>
    <data>

        <record id="salon_stage_00" model="salon.stage">
            <field name="name">Draft</field>
            <field name="sequence">1</field>
        </record>
        <record id="salon_stage_01" model="salon.stage">
            <field name="name">Open</field>
            <field name="sequence">2</field>
        </record>
        <record id="salon_stage_02" model="salon.stage">
            <field name="name">Invoiced</field>
            <field name="sequence">3</field>
        </record>
        <record id="salon_stage_03" model="salon.stage">
            <field name="name">Closed</field>
            <field name="sequence">4</field>
        </record>
        <record id="salon_stage_04" model="salon.stage">
            <field name="name">Cancelled</field>
            <field name="sequence">5</field>
        </record>

    </data>
</odoo>