<?xml version="1.0" encoding="utf-8"?>
<odoo>
    <data noupdate="0">

        <record forcecreate="True" id="ir_cron_collections_today" model="ir.cron">
            <field name="name">Collection Today</field>
            <field eval="True" name="active" />
            <field name="model_id" ref="salon_management.model_salon_chair" />
            <field name="code">model.collection_today_updater()</field>
            <field name="user_id" ref="base.user_root" />
            <field name="interval_number">1</field>
            <field name="interval_type">days</field>
            <field name="numbercall">-1</field>
            <field eval="True" name="doall" />
        </record>

    </data>

    <data noupdate="1">

        <record id="salon_chair_sequence" model="ir.sequence">
            <field name="name">Chair Sequence</field>
            <field name="code">salon.chair.sequence</field>
            <field name="prefix">Chair-</field>
            <field name="number_next">2</field>
            <field name="number_increment">1</field>
            <field name="padding">1</field>
      </record>

    </data>
</odoo>