<?xml version="1.0" encoding="utf-8" ?>
<odoo>
    <data noupdate="1">

        <record id="salon_holiday_01" model="salon.holiday">
            <field name="name">Sunday</field>
            <field name="holiday">True</field>
        </record>
        <record id="salon_holiday_02" model="salon.holiday">
            <field name="name">Monday</field>
        </record>
        <record id="salon_holiday_03" model="salon.holiday">
            <field name="name">Tuesday</field>
        </record>
        <record id="salon_holiday_04" model="salon.holiday">
            <field name="name">Wednesday</field>
        </record>
        <record id="salon_holiday_05" model="salon.holiday">
            <field name="name">Thursday</field>
        </record>
        <record id="salon_holiday_06" model="salon.holiday">
            <field name="name">Friday</field>
        </record>
        <record id="salon_holiday_07" model="salon.holiday">
            <field name="name">Saturday</field>
        </record>

    </data>
</odoo>