<?xml version="1.0" encoding="UTF-8" ?>
<odoo>
    <data noupdate="1">
        <!--    Set a category selection field for users-->
        <record id="cleaning_management_groups" model="ir.module.category">
            <field name="name">Cleaning Management</field>
            <field name="description">Cleaning management</field>
            <field name="sequence">5</field>
        </record>
        <!--    Action for manager-->
        <record id="cleaning_management_group_manager" model="res.groups">
            <field name="name">Cleaning Manager</field>
            <field name="category_id"
                   ref="cleaning_management.cleaning_management_groups"/>
            <field name="users"
               eval="[(4, ref('base.user_root')), (4, ref('base.user_admin'))]"/>
        </record>
        <!--    Action for user-->
        <record id="cleaning_management_group_user" model="res.groups">
            <field name="name">User</field>
            <field name="category_id"
                   ref="cleaning_management.cleaning_management_groups"/>
            <field name="implied_ids"
                   eval="[(4, ref('cleaning_management_group_manager'))]"/>
        </record>
    </data>
</odoo>
