id,name,model_id:id,group_id:id,perm_read,perm_write,perm_create,perm_unlink
access_salon_order_salon_user,salon.order,model_salon_order,salon_management.group_salon_user,1,1,1,0
access_salon_order_salon_portal,salon.order,model_salon_order,base.group_portal,1,1,0,0
access_salon_order_line_salon_user,salon.order.line,model_salon_order_line,salon_management.group_salon_user,1,1,1,0
access_salon_stage_salon_user,salon.stage,model_salon_stage,salon_management.group_salon_user,1,1,1,0
access_salon_chair_salon_user,salon.chair,model_salon_chair,salon_management.group_salon_user,1,1,0,0
access_salon_chair_salon_portal,salon.chair,model_salon_chair,base.group_portal,1,1,0,0
access_salon_service_salon_user,salon.service,model_salon_service,salon_management.group_salon_user,1,1,0,0
access_salon_service_salon_portal,salon.service,model_salon_service,base.group_portal,1,1,0,0

access_salon_order_manager,salon.order,model_salon_order,salon_management.group_salon_manager,1,1,1,1
access_salon_order_line_manager,salon.order.line,model_salon_order_line,salon_management.group_salon_manager,1,1,1,1
access_salon_stage_manager,salon.stage,model_salon_stage,salon_management.group_salon_manager,1,1,1,1
access_salon_chair_manager,salon.chair,model_salon_chair,salon_management.group_salon_manager,1,1,1,1
access_salon_service_manager,salon.service,model_salon_service,salon_management.group_salon_manager,1,1,1,1
access_salon_booking_manager,salon.booking,model_salon_booking,salon_management.group_salon_manager,1,1,1,1
access_salon_booking_portal,salon.booking,model_salon_booking,base.group_portal,1,1,1,0
access_salon_working_hours_manager,salon.working.hours,model_salon_working_hours,salon_management.group_salon_manager,1,1,1,1
access_salon_holiday_manager,salon.holiday,model_salon_holiday,salon_management.group_salon_manager,1,1,1,1
access_res_partner_manager,res.partner,model_res_partner,salon_management.group_salon_manager,1,1,1,1
access_res_users_manager,res.users,model_res_users,salon_management.group_salon_manager,1,1,1,1
access_salon_chair_user_manager,salon.chair.user,model_salon_chair_user,salon_management.group_salon_manager,1,1,1,1
access_salon_sequence_updater_manager,salon.sequence.updater,model_salon_sequence_updater,salon_management.group_salon_manager,1,1,1,1

access_salon_order_public,salon.order,model_salon_order,base.group_public,1,0,0,0
access_salon_order_line_public,salon.order.line,model_salon_order_line,base.group_public,1,0,0,0
access_salon_stage_public,salon.stage,model_salon_stage,base.group_public,1,0,0,0
access_salon_chair_public,salon.chair,model_salon_chair,base.group_public,1,0,0,0
access_salon_service_public,salon.service,model_salon_service,base.group_public,1,0,0,0
access_salon_booking_public,salon.booking,model_salon_booking,base.group_public,1,1,1,0
access_salon_working_hours_public,salon.working.hours,model_salon_working_hours,base.group_public,1,0,0,0
access_salon_working_hours_portal,salon.working.hours,model_salon_working_hours,base.group_portal,1,1,0,0
access_salon_holiday_public,salon.holiday,model_salon_holiday,base.group_public,1,0,0,0
access_salon_holiday_portal,salon.holiday,model_salon_holiday,base.group_portal,1,1,0,0
access_res_partner_public,res.partner,model_res_partner,base.group_public,1,0,0,0
access_res_users_public,res.users,model_res_users,base.group_public,1,0,0,0
access_salon_chair_user_public,salon.chair.user,model_salon_chair_user,base.group_public,1,0,0,0
access_salon_sequence_updater_public,salon.sequence.updater,model_salon_sequence_updater,base.group_public,1,0,0,0