<?xml version="1.0" encoding="utf-8"?>
<odoo>
    <data noupdate="1">
        <!--Provide predefined values for the building type.-->
        <record id="building_type_house" model="building.type">
            <field name="name">House</field>
        </record>
        <record id="building_type_hospital" model="building.type">
            <field name="name">Hospital</field>
        </record>
        <record id="building_type_institution" model="building.type">
            <field name="name">Institution</field>
        </record>
        <record id="building_type_office" model="building.type">
            <field name="name">Office</field>
        </record>
    </data>
</odoo>
