<?xml version="1.0" encoding="utf-8"?>
<odoo>
    <data noupdate="1">
        <!--   By clicking the menu on the website,
        users can access links to different pages. -->
        <record id="menu_cleaning_request" model="website.menu">
            <field name="name">Cleaning Online Request</field>
            <field name="url">/cleaning/request/form</field>
            <field name="parent_id" ref="website.main_menu"/>
            <field name="sequence">55</field>
        </record>
    </data>
</odoo>
