<?xml version="1.0" encoding="utf-8" ?>
<template>
    <!--    Template for cleaning dashboard-->
    <t t-name="CleaningDashBoard">
        <div class="cleaning_dashboards" style="margin-top: 20px;">
            <div class="container-fluid o_pj_dashboard">
            </div>
        </div>
    </t>
    <!--    This template is for adding buttons to the cleaning dashboard
    to display visible bookings, cleaning teams, cleaning counts,
    and dirty counts.-->
    <t t-name="CleaningDashboardProject">
        <div class="row main-section">
            <div class="col-sm-6 col-md-3-12 col-md-6 col-lg-3 cleaning_cooking
            cleaning cleaning_orders">
                <div class="cleaning-card">
                    <div class="cleaning-card-body">
                        <div class="stat-widget-one">
                            <div class="stat-icon">
                                <i class="fa fa-calendar"/>
                            </div>
                            <div class="stat-content">
                                <div class="stat-text">Bookings</div>
                                <div class="stat-digit" id="bookings_count"/>
                            </div>
                        </div>
                    </div>
                </div>
            </div>
            <div class="col-sm-6 col-md-3-12 col-md-6 col-lg-3 salon_spa_orders
            cleaning cleaning_teams">
                <div class="cleaning-card">
                    <div class="cleaning-card-body">
                        <div class="stat-widget-one">
                            <div class="stat-icon">
                                <i class="fa fa-users"/>
                            </div>
                            <div class="stat-content">
                                <div class="stat-text">Cleaning Teams</div>
                                <div class="stat-digit" id="teams_count"/>
                            </div>
                        </div>
                    </div>
                </div>
            </div>
            <div class="col-sm-6 col-md-3-12 col-md-6 col-lg-3 salon_spa_sales
            cleaning cleaning_count">
                <div class="cleaning-card">
                    <div class="cleaning-card-body">
                        <div class="stat-widget-one">
                            <div class="stat-icon">
                                <i class="fa fa-check"/>
                            </div>
                            <div class="stat-content">
                                <div class="stat-text">Cleaning Counts</div>
                                <div class="stat-digit" id="cleaning_count"/>
                            </div>
                        </div>
                    </div>
                </div>
            </div>
            <div class="col-sm-6 col-md-3-12 col-md-6 col-lg-3 salon_spa_clients
            cleaning dirty_count">
                <div class="cleaning-card">
                    <div class="cleaning-card-body">
                        <div class="stat-widget-one">
                            <div class="stat-icon">
                                <i class="fa fa-times "/>
                            </div>
                            <div class="stat-content">
                                <div class="stat-text">Dirty Counts</div>
                                <div class="stat-digit" id="dirty_count"/>
                            </div>
                        </div>
                    </div>
                </div>
            </div>
        </div>
    </t>
    <!--    This template is for creating a filtering option on a dashboard
    with options for monthly, quarterly, yearly, and weekly filtering.-->
    <t t-name="DashboardProject">
        <section class="dashboard_main_section" id="main_section_login">
            <div style="height:50px">
            </div>
            <div class="report">
                <div class="col-sm-12 mb-4">
                    <div class="row">
                        <div class="col-12 col-sm-12 col-md-8">
                            <h2 class="section-header">Cleaning Reports</h2>
                        </div>
                        <div class="col-12 col-sm-12 col-md-4">
                            <form class="form-group">
                                <select id="filtration" class="form-control">
                                    <option id="this_year" value="this_year">
                                        This Year
                                    </option>
                                    <option id="this_quarter"
                                            value="this_quarter">This Quarter
                                    </option>
                                    <option id="this_month" value="this_month"
                                            selected="">This Month
                                    </option>
                                    <option id="this_week" value="this_week">
                                        This Week
                                    </option>
                                </select>
                            </form>
                        </div>
                    </div>
                    <hr/>
                </div>
            </div>
        </section>
    </t>
    <!--    This template is for displaying a graph that shows the visible
    bookings and the quality of work on a dashboard.-->
    <t t-name="CleaningProject">
        <div class="col-sm-12 mb-4">
            <div class="row">
                <div class="col-12 col-sm-12 col-md-8">
                    <div class="bookings" style="width:500px;">
                        <h2 class="cleaning_bookings">Bookings</h2>
                        <hr/>
                        <div class="graph_canvas">
                            <canvas class="total_bookings_year" width="200"
                                    height="120" id="activity_year"/>
                            <canvas class="total_bookings_week" width="200"
                                    height="120" id="activity_week"/>
                            <canvas class="total_bookings_month" width="200"
                                    height="120" id="activity_month"/>
                            <canvas class="total_bookings_quarter" width="200"
                                    height="120" id="activity_quarter"/>
                        </div>
                    </div>
                </div>
                <div class="col-12 col-sm-12 col-md-4">
                    <div class="quality" style="width:500px;">
                        <h2 class="qty_header">Quality of work</h2>
                        <hr/>
                        <div class="graph_canvas">
                            <canvas class="total_quality_year" width="200"
                                    height="120" id="quality_year"/>
                            <canvas class="total_quality_week" width="200"
                                    height="120" id="quality_week"/>
                            <canvas class="total_quality_month" width="200"
                                    height="120" id="quality_month"/>
                            <canvas class="total_quality_quarter" width="200"
                                    height="120" id="quality_quarter"/>
                        </div>
                    </div>
                </div>
            </div>
        </div>
    </t>
</template>
